"Tourist_Locations","Domestic_Overnight_Visitors","Foreign_Overnight_Visitors","Total_Overnight_Visitors","Estimated_Day_Visitors","Total Visitors+ Day Visitors","","","","","","","",""
"Bangalore","2556416","42118","2598534","0","2598534","","","","","","","",""
"Palace","0","0","0","220104","220104","","","","","","","",""
"Lalbagh","0","0","0","350618","350618","","","","","","","",""
"Tipu Sultan's Palace","0","0","0","279873","279873","","","","","","","",""
"Planetarium","0","0","0","251195","251195","","","","","","","",""
"Nandi Hills","0","0","0","237030","237030","","","","","","","",""
"Banerghatta National Park","0","0","0","157993","157993","","","","","","","",""
"Sawandurga","0","0","0","17542","17542","","","","","","","",""
"Shivaganga","0","0","0","51153","51153","","","","","","","",""
"Kolar","32840","68","32908","164754","197662","","","","","","","",""
"Tumkur","92362","112","92474","176642","269116","","","","","","","",""
"Siddrabatta","0","0","0","20398","20398","","","","","","","",""
"Yediure","0","0","0","25580","25580","","","","","","","",""
"GorVanahali","0","0","0","73708","73708","","","","","","","",""
"Mysore","1400367","43783","1444150","0","1444150","","","","","","","",""
"Zoo","0","0","0","325177","325177","","","","","","","",""
"Palace","0","0","0","271910","271910","","","","","","","",""
"Chamundi Hills","0","0","0","288431","288431","","","","","","","",""
"Vrindavan Gardens","0","0","0","334438","334438","","","","","","","",""
"Shrirangapatnam","0","0","0","362861","362861","","","","","","","",""
"Shivanasamudram","0","0","0","387602","387602","","","","","","","",""
"Shravanbelagola","4002","5","4007","","35261","","","","","","","",""
"Mandya","50517","161","50678","216946","266154","","","","","","","",""
"Belgaum","137152","126","137278","225426","363044","","","","","","","",""
"Karwar","87694","768","88462","219594","314521","","","","","","","",""
"Dharwad","100924","154","101078","219899","323362","","","","","","","",""
"Hubli","297374","992","298366","246464","505856","","","","","","","",""
"Davanager","35858","0","35858","29226","95209","","","","","","","",""
"Murudeshwar","0","0","0","366933","375782","","","","","","","",""
"Gokarna","29951","152","30103","245315","253698","","","","","","","",""
"Mangalore","352309","1381","353690","146028","491438","","","","","","","",""
"Udupi","229688","1532","231220","148126","372530","","","","","","","",""
"Kolur","12203","7","12210","127021","137073","","","","","","","",""
"Shimoga","174473","711","175184","36205","211389","","","","","","","",""
"Hassan","125381","1307","126688","1231842","1358530","","","","","","","",""
"Chikamagalur","72795","200","72995","","105149","","","","","","","",""
"National Park","0","0","0","234927","236038","","","","","","","",""
"Bhadra Wildlife Sanctuary","0","0","0","260712","255341","","","","","","","",""
"Shringeri","0","0","0","217751","215272","","","","","","","",""
"Jog Falls","0","0","0","340965","317334","","","","","","","",""
"Horanado","0","0","0","12095","11975","","","","","","","",""
"Kukusubranjini","1332","2038","3370","15664","38828","","","","","","","",""
"Hampi","29893","12055","41948","228393","275295","","","","","","","",""
"Hospet","117640","3638","121278","221300","336291","","","","","","","",""
"Lakundi","8155","0","8155","174213","182117","","","","","","","",""
"Raichur","84540","93","84633","195970","280874","","","","","","","",""
"Chitradurga","104792","3430","108222","202352","312565","","","","","","","",""
"Gulbarga","175658","693","176351","195230","350286","","","","","","","",""
"Ganigapura","7174","23","7197","5747","31077","","","","","","","",""
"Bidar","67368","210","67578","182919","232507","","","","","","","",""
"Basvakalyan","12609","202","12811","110791","149159","","","","","","","",""
"Bijapur","177928","2574","180502","266295","445668","","","","","","","",""
"Bagalkot","63250","213","63463","217550","287755","","","","","","","",""
"Madikeri","133434","2445","135879","260689","400955","","","","","","","",""
"Charmarajanagar","24255","0","24255","243805","233398","","","","","","","",""
"Malai Mahadeshwar","13703","16","13719","116322","144951","","","","","","","",""
"Kamalapur","62404","78","62482","106020","151713","","","","","","","",""
"Sirsi","0","0","0","33588","33588","","","","","","","",""
"Humcha","0","0","0","38623","38623","","","","","","","",""
"Grand Total","6876441","121285","6997726","11337955","18335681","","","","","","","",""
"","","","","","","","","","","","","",""
"The total visitors to the State of Karnataka for the period of May 2005 � April 2006 were 18335681, out of this, 6876441 were domestic overnight visitors, 121285 were foreign visitors and 11337955 were Day tourists.","","","","","","","","","","","","",""
"","","","","","","","","","","","","",""
"","","","","","","","","","","","","",""
"Table: 5.2 Month wise number of visitors in Karnataka","","","","","","","","","","","","",""
"","","","","","","","","","","","","",""
"Month","Domestic_Overnight_Visitors","Foreign_Overnight_Visitors","Day Visitors","Total","","","","","","","","",""
"May-05","380835","4198","945705","1330738","","","","","","","","",""
"Jun-05","279661","4801","838448","1122910","","","","","","","","",""
"Jul-06","321719","2547","663267","987533","","","","","","","","",""
"Aug-05","401386","4308","680732","1086426","","","","","","","","",""
"Sep-05","427997","2987","721679","1152663","","","","","","","","",""
"Oct-05","658235","5382","926764","1590381","","","","","","","","",""
"Nov-05","718800","6183","1011218","1736201","","","","","","","","",""
"Dec-05","771572","10127","1113971","1895670","","","","","","","","",""
"Jan-06","673136","15012","983817","1671965","","","","","","","","",""
"Feb-06","755815","23390","1881511","2660716","","","","","","","","",""
"Mar-06","737900","20715","783270","1541885","","","","","","","","",""
"Apr-06","749385","21635","787573","1558593","","","","","","","","",""
"Total","6876441","121285","11337955","18335681","","","","","","","","",""
"","","","","","","","","","","","","",""
"","","","","","","","","","","","","",""
"Table 5.3: Location wise number of Domestic Overnight Visitors","","","","","","","","","","","","",""
"","","","","","","","","","","","","",""
"Location","May","June","July","August","September","October","November","December","January","February","March","April","Total"
"Bangalore","101221","48215","46215","116697","158617","235596","282391","317137","286421","329437","312728","321741","2556416"
"Palace","0","0","0","0","0","0","0","0","0","0","0","0","0"
"Lalbagh","0","0","0","0","0","0","0","0","0","0","0","0","0"
"Tipu Sultan's Palace","0","0","0","0","0","0","0","0","0","0","0","0","0"
"Planetarium","0","0","0","0","0","0","0","0","0","0","0","0","0"
"Nandi Hills","0","0","0","0","0","0","0","0","0","0","0","0","0"
"Banerghatta National Park","0","0","0","0","0","0","0","0","0","0","0","0","0"
"Sawandurga","0","0","0","0","0","0","0","0","0","0","0","0","0"
"Shivaganga","0","0","0","0","0","0","0","0","0","0","0","0","0"
"Kolar","1985","1405","2600","2977","1463","2541","2357","2310","2141","4250","4375","4436","32840"
"Tumkur","5143","5171","7075","9341","7864","9145","6999","7652","6872","8752","9114","9234","92362"
"Siddrabatta","0","0","0","0","0","0","0","0","0","0","0","0","0"
"Yediure","0","0","0","0","0","0","0","0","0","0","0","0","0"
"GorVanahali","0","0","0","0","0","0","0","0","0","0","0","0","0"
"Mysore","52531","68371","56106","44190","54002","175158","183485","186092","102540","155366","161214","161312","1400367"
"Zoo","0","0","0","0","0","0","0","0","0","0","0","0","0"
"Palace","0","0","0","0","0","0","0","0","0","0","0","0","0"
"Chamundi Hills","0","0","0","0","0","0","0","0","0","0","0","0","0"
"Vrindavan Gardens","0","0","0","0","0","0","0","0","0","0","0","0","0"
"Shrirangapatnam","0","0","0","0","0","0","0","0","0","0","0","0","0"
"Shivanasamudram","0","0","0","0","0","0","0","0","0","0","0","0","0"
"Shravanbelagola","0","0","0","0","0","0","0","4002","0","0","0","0","4002"
"Mandya","6703","2860","2792","3208","2834","4672","3000","11129","2513","2804","4007","3995","50517"
"Belgaum","4850","7545","19190","16794","11717","11182","11950","8694","12864","10004","11146","11216","137152"
"Karwar","3282","4592","6728","8586","10018","8351","8306","4957","7983","7119","8901","8871","87694"
"Dharwad","3060","5003","5424","5886","6738","7230","4810","42233","5100","4911","5280","5249","100924"
"Hubli","11279","11707","25097","27109","27404","33393","43353","6120","44379","21113","23170","23250","297374"
"Davanager","0","0","0","0","0","5547","5547","0","7562","5652","5734","5816","35858"
"Murudeshwar","0","0","0","0","0","0","0","0","0","0","0","0","0"
"Gokarna","0","0","0","0","0","0","0","29951","0","0","0","0","29951"
"Mangalore","22578","18959","22439","23620","26397","35058","34455","28043","34053","32335","37322","37050","352309"
"Udupi","17504","12654","14148","17447","16278","17543","17007","0","29417","39654","23333","24703","229688"
"Kolur","0","0","0","0","0","0","0","12203","0","0","0","0","12203"
"Shimoga","35247","12828","16650","20666","10119","11168","11579","9113","13421","11325","11154","11203","174473"
"Hassan","11851","9493","15111","15176","10420","10487","8862","6495","8653","9198","9763","9872","125381"
"Chikamagalur","13352","6685","9081","9027","5742","6147","4111","0","5982","4124","4266","4278","72795"
"National Park","0","0","0","0","0","0","0","0","0","0","0","0","0"
"Bhadra Wildlife Sanctuary","0","0","0","0","0","0","0","0","0","0","0","0","0"
"Shringeri","0","0","0","0","0","0","0","0","0","0","0","0","0"
"Jog Falls","0","0","0","0","0","0","0","0","0","0","0","0","0"
"Horanado","0","0","0","0","0","0","0","0","0","0","0","0","0"
"Kukusubranjini","0","0","0","0","0","0","0","1332","0","0","0","0","1332"
"Hampi","0","451","354","95","1325","344","3046","12678","2462","2670","3218","3250","29893"
"Hospet","13149","6327","7525","9438","8940","9502","10759","0","13525","13526","12435","12514","117640"
"Lakundi","0","0","0","0","0","0","0","8155","0","0","0","0","8155"
"Raichur","7038","5088","6769","5946","5561","6102","8182","8476","8195","7942","7641","7600","84540"
"Chitradurga","9496","5533","7433","7286","6946","7805","8497","16914","8641","9181","8560","8500","104792"
"Gulbarga","14600","11531","9969","12944","18665","19636","19963","0","14292","19933","17013","17112","175658"
"Ganigapura","0","0","0","0","0","0","0","7174","0","0","0","0","7174"
"Bidar","4751","3782","3924","4584","5481","6410","6588","0","7045","7584","8619","8600","67368"
"Basvakalyan","0","0","0","0","0","0","0","12609","0","0","0","0","12609"
"Bijapur","16100","15102","14866","14474","13347","14125","13786","4204","15081","20466","18127","18250","177928"
"Bagalkot","5493","5375","4696","5102","4606","5412","4868","8501","4674","4154","5191","5178","63250"
"Madikeri","18449","8676","15081","16855","11491","13817","11894","1695","9612","8064","8656","9144","133434"
"Charmarajanagar","1173","2308","2397","3883","1947","1762","1774","0","3845","1689","1716","1761","24255"
"Malai Mahadeshwar","0","0","0","0","0","0","0","13703","0","0","0","0","13703"
"Kamalapur","0","0","49","55","75","102","1231","0","15863","14562","15217","15250","62404"
"Sirsi","0","0","0","0","0","0","0","0","0","0","0","0","0"
"Humcha","0","0","0","0","0","0","0","0","0","0","0","0","0"
"Total","380835","279661","321719","401386","427997","658235","718800","771572","673136","755815","737900","749385","6876441"
"","","","","","","","","","","","","",""
"","","","","","","","","","","","","",""
"Table 5.4: Location wise number of Foreign Overnight Visitors","","","","","","","","","","","","",""
"","","","","","","","","","","","","",""
"Location","May","June","July","August","September","October","November","December","January","February","March","April","Total"
"Bangalore","1063","105","115","575","224","1252","1153","4108","6531","10432","8128","8432","42118"
"Palace","0","0","0","0","0","0","0","0","0","0","0","0","0"
"Lalbagh","0","0","0","0","0","0","0","0","0","0","0","0","0"
"Tipu Sultan's Palace","0","0","0","0","0","0","0","0","0","0","0","0","0"
"Planetarium","0","0","0","0","0","0","0","0","0","0","0","0","0"
"Nandi Hills","0","0","0","0","0","0","0","0","0","0","0","0","0"
"Banerghatta National Park","0","0","0","0","0","0","0","0","0","0","0","0","0"
"Sawandurga","0","0","0","0","0","0","0","0","0","0","0","0","0"
"Shivaganga","0","0","0","0","0","0","0","0","0","0","0","0","0"
"Kolar","1","2","0","0","0","65","0","0","0","0","0","0","68"
"Tumkur","0","1","0","0","36","75","0","0","0","0","0","0","112"
"Siddrabatta","0","0","0","0","0","0","0","0","0","0","0","0","0"
"Yediure","0","0","0","0","0","0","0","0","0","0","0","0","0"
"GorVanahali","0","0","0","0","0","0","0","0","0","0","0","0","0"
"Mysore","914","3252","1325","2113","1364","2364","2836","2806","5128","6935","7221","7525","43783"
"Zoo","0","0","0","0","0","0","0","0","0","0","0","0","0"
"Palace","0","0","0","0","0","0","0","0","0","0","0","0","0"
"Chamundi Hills","0","0","0","0","0","0","0","0","0","0","0","0","0"
"Vrindavan Gardens","0","0","0","0","0","0","0","0","0","0","0","0","0"
"Shrirangapatnam","0","0","0","0","0","0","0","0","0","0","0","0","0"
"Shivanasamudram","0","0","0","0","0","0","0","0","0","0","0","0","0"
"Shravanbelagola","0","0","0","0","0","0","0","5","0","0","0","0","5"
"Mandya","80","3","0","0","22","2","0","7","5","12","12","18","161"
"Belgaum","0","9","0","0","0","2","0","16","11","38","18","32","126"
"Karwar","469","44","4","0","25","23","78","2","14","84","16","9","768"
"Dharwad","0","37","0","0","15","2","0","49","2","28","5","16","154"
"Hubli","0","17","9","20","14","29","4","0","44","330","250","275","992"
"Davanager","0","0","0","0","0","0","0","0","0","0","0","0","0"
"Murudeshwar","0","0","0","0","0","0","0","0","0","0","0","0","0"
"Gokarna","0","0","0","0","0","0","0","152","0","0","0","0","152"
"Mangalore","92","90","71","30","75","20","25","77","231","250","191","229","1381"
"Udupi","637","4","9","30","17","19","202","0","111","191","125","187","1532"
"Kolur","0","0","0","0","0","0","0","7","0","0","0","0","7"
"Shimoga","59","4","4","0","4","26","1","118","4","131","163","197","711"
"Hassan","203","110","91","44","67","40","85","20","92","308","125","122","1307"
"Chikamagalur","87","7","5","7","6","4","16","0","16","17","16","19","200"
"National Park","0","0","0","0","0","0","0","0","0","0","0","0","0"
"Bhadra Wildlife Sanctuary","0","0","0","0","0","0","0","0","0","0","0","0","0"
"Shringeri","0","0","0","0","0","0","0","0","0","0","0","0","0"
"Jog Falls","0","0","0","0","0","0","0","0","0","0","0","0","0"
"Horanado","0","0","0","0","0","0","0","0","0","0","0","0","0"
"Kukusubranjini","0","0","0","0","0","0","0","2038","0","0","0","0","2038"
"Hampi","0","289","518","808","513","537","1245","201","2074","2178","1817","1875","12055"
"Hospet","234","25","207","188","125","297","54","0","207","623","828","850","3638"
"Lakundi","0","0","0","0","0","0","0","0","0","0","0","0","0"
"Raichur","6","4","10","3","10","3","0","23","4","12","4","14","93"
"Chitradurga","19","682","3","276","0","8","3","48","16","738","825","812","3430"
"Gulbarga","52","78","61","67","64","134","51","0","35","49","48","54","693"
"Ganigapura","0","0","0","0","0","0","0","23","0","0","0","0","23"
"Bidar","16","14","18","13","22","8","12","0","21","28","26","32","210"
"Basvakalyan","0","0","0","0","0","0","0","202","0","0","0","0","202"
"Bijapur","30","20","87","122","358","458","294","0","338","548","154","165","2574"
"Bagalkot","4","0","0","0","0","0","0","209","0","0","0","0","213"
"Madikeri","232","4","10","12","26","14","124","0","112","436","725","750","2445"
"Charmarajanagar","0","0","0","0","0","0","0","0","0","0","0","0","0"
"Malai Mahadeshwar","0","0","0","0","0","0","0","16","0","0","0","0","16"
"Kamalapur","0","0","0","0","0","0","0","0","16","22","18","22","78"
"Sirsi","0","0","0","0","0","0","0","0","0","0","0","0","0"
"Humcha","0","0","0","0","0","0","0","0","0","0","0","0","0"
"Total","4198","4801","2547","4308","2987","5382","6183","10127","15012","23390","20715","21635","121285"
"","","","","","","","","","","","","",""
"","","","","","","","","","","","","",""
"Table 5.5: Location wise number of Day Tourists","","","","","","","","","","","","",""
"","","","","","","","","","","","","",""
"Location","May","June","July","August","September","October","November","December","January","February","March","April","Total"
"Bangalore","","0","0","0","0","0","0","0","0","0","0","0","0"
"Palace","22300","22316","12125","13215","15215","16214","18415","19415","16487","20112","22105","22185","251216"
"Lalbagh","14562","30215","21514","20124","22514","24157","31254","36354","26459","38320","42520","42625","377307"
"Tipu Sultan's Palace","22516","26879","22158","22158","26548","23214","22354","32654","21578","18475","20215","21124","293941"
"Planetarium","32654","22154","11024","10215","15417","17454","18745","19874","18963","20154","32124","32417","241057"
"Nandi Hills","25418","23145","13298","14215","16587","18954","21014","22154","20573","20000","20500","21172","244266"
"Banerghatta National Park","10215","22147","10425","12324","11254","16541","22145","23125","24831","1523","1783","1680","173196"
"Sawandurga","","0","0","0","0","514","615","1897","2685","3275","4224","4332","17542"
"Shivaganga","","0","0","0","0","645","715","1654","3189","14500","15200","15250","51153"
"Kolar","8564","0","15412","16421","17894","18471","19874","16598","15462","7500","8200","8500","154547"
"Tumkur","","11858","24514","23514","24518","26547","23541","22365","17245","0","4250","4500","191416"
"Siddrabatta","","5648","0","0","0","1215","1187","1698","2100","4832","4716","4650","26046"
"Yediure","","0","0","0","0","3154","3874","4125","7542","2263","2372","2250","25580"
"GorVanahali","","0","0","0","0","3874","3365","4415","7900","17500","18242","18412","73708"
"Mysore","","0","0","0","0","0","0","0","0","0","0","0","0"
"Zoo","35642","0","15879","16215","17848","41257","44125","43254","26870","2500","2850","2750","349190"
"Palace","41569","75987","10215","18715","19874","35418","36547","39874","36450","450","500","750","416349"
"Chamundi Hills","62451","31548","15214","14215","15412","33214","37145","36987","28945","2500","3200","3500","384331"
"Vrindavan Gardens","121641","35648","10102","11215","12215","32541","33654","35124","32781","7000","7500","7450","346871"
"Shrirangapatnam","36254","23215","16214","15784","16412","29874","30124","32874","28945","32560","33718","33615","429589"
"Shivanasamudram","51214","56487","29879","19514","20145","32145","33125","36012","26154","42500","43200","43500","533875"
"Shravanbelagola","16541","10214","0","0","0","0","0","31254","0","0","0","0","41468"
"Mandya","12324","10241","21548","23548","21415","24157","28745","29784","28700","2804","4019","3974","215476"
"Belgaum","10215","18547","16547","18547","22145","26541","22587","30124","26000","10042","11164","11198","225766"
"Karwar","12154","19879","17815","19547","20124","23145","28745","36589","25000","7203","8917","8880","226059"
"Dharwad","15415","25487","16542","17845","16547","23654","25545","38974","30000","4939","5285","5312","222284"
"Hubli","35642","16548","18748","19541","17845","21457","22648","0","28712","0","23261","23315","207490"
"Davanager","","0","0","0","0","0","0","30125","20456","3675","2573","2522","59351"
"Murudeshwar","41250","25489","19874","20154","22145","23145","28798","38974","24893","42500","44260","44300","375782"
"Gokarna","31254","16548","14589","18741","20147","22784","25478","17254","32450","7800","8250","8300","223595"
"Mangalore","5486","0","0","0","0","0","0","8974","15600","32585","37513","37590","132262"
"Udupi","1256","0","0","0","0","0","0","2158","12785","39845","42516","42750","140054"
"Kolur","","0","0","0","0","754","1128","0","10450","36000","38215","38316","124863"
"Shimoga","2145","0","0","0","0","0","0","0","0","11456","11317","11287","34060"
"Hassan","2689","0","0","0","0","0","0","0","0","1209506","9853","9794","1229153"
"Chikamagalur","","0","0","0","0","0","0","32154","0","0","0","0","32154"
"National Park","36548","16458","16548","18748","19874","20145","28974","33265","22450","8000","7528","7500","236038"
"Bhadra Wildlife Sanctuary","32514","30215","28471","29874","28745","26784","22548","27894","26450","550","642","654","255341"
"Shringeri","24158","21548","20145","22154","23115","23654","28745","25415","21500","1580","1683","1575","215272"
"Jog Falls","29218","26487","23125","24198","25147","28745","26451","1784","24500","34152","36715","36812","317334"
"Horanado","","0","0","0","0","250","1254","1664","2850","1825","1932","2200","11975"
"Kukusubranjini","","0","0","0","0","550","1554","21458","3250","2526","3020","3100","35458"
"Hampi","28974","21471","20145","22315","23331","28745","29845","26412","20500","4848","3349","3412","233347"
"Hospet","11254","18879","16458","17236","16874","26415","27458","20125","19585","14149","13263","13317","215013"
"Lakundi","11568","10245","17415","18215","19147","22315","24516","19874","18750","3452","4215","4250","173962"
"Raichur","10201","19879","18798","19215","20145","26417","22587","20145","15600","7954","7645","7655","196241"
"Chitradurga","10458","16987","21514","20154","21415","22879","23654","22136","18050","9919","8577","8600","204343"
"Gulbarga","13648","17897","16547","18745","16547","18745","20154","841","16750","0","17061","17000","173935"
"Ganigapura","","0","0","0","0","558","698","18974","2450","450","350","400","23880"
"Bidar","16487","16548","19748","13254","17418","18748","20145","984","16840","7612","8645","8500","164929"
"Basvakalyan","","0","0","0","0","450","715","26541","1500","35612","35718","35812","136348"
"Bijapur","14213","18797","18745","16245","18469","19874","26548","25412","21687","21014","32012","32150","265166"
"Bagalkot","32145","19874","16425","17845","21015","22154","28975","32154","20500","2814","5191","5200","224292"
"Madikeri","23112","26548","22514","23648","22147","26547","30124","36541","26900","8500","9216","9279","265076"
"Charmarajanagar","15478","26415","23154","22874","23654","28791","33215","1879","28500","1689","1716","1778","209143"
"Malai Mahadeshwar","","0","0","0","0","750","1254","16789","6500","35612","35252","35075","141477"
"Kamalapur","","0","9879","10245","12415","18415","19875","0","12500","1834","2014","2054","78986"
"Sirsi","","0","0","0","0","2578","3125","3321","7500","5600","5714","5750","33588"
"Humcha","","0","0","0","0","1215","3312","3546","8500","7500","7250","7300","38623"
"Total","945705","838448","663267","680732","721679","926764","1011218","1113971","983817","1881511","783270","787573","11337955"
"","","","","","","","","","","","","",""
"","","","","","","","","","","","","",""
"Table 6-3: Gender Classification of Overnight Visitors to the State of Karnataka","","","","","","","","","","","","",""
"","","","","","","","","","","","","",""
"Gender","Percentage Distribution","","","","","","","","","","","",""
"","Domestic","Foreign","Total","","","","","","","","","",""
"Male","73.1","68.4","72.7","","","","","","","","","",""
"Female","26.9","31.6","27.3","","","","","","","","","",""
"Total","100","100","100","","","","","","","","","",""
"","","","","","","","","","","","","",""
"The table above depicts the fact that majority of the domestic and foreign overnight visitors in the State for the period were male members.","","","","","","","","","","","","",""
"","","","","","","","","","","","","",""
"","","","","","","","","","","","","",""
"","","","","","","","","","","","","",""
"Table 6-4: Overnight Visitors to the State of Karnataka and their Occupation","","","","","","","","","","","","",""
"","","","","","","","","","","","","",""
"Occupation","Category of Visitor","","","","","","","","","","","",""
"","Domestic","Foreign","Total","","","","","","","","","",""
"Businessmen/ Industrialists/ Trader/ Shopkeeper","22.1","17.2","21.7","","","","","","","","","",""
"Professional","26.6","18.4","25.9","","","","","","","","","",""
"Government Service","14","16.3","14.2","","","","","","","","","",""
"Private Service","15.9","19","16.2","","","","","","","","","",""
"Agriculture","3","7.7","3.4","","","","","","","","","",""
"Student Researcher","12.6","8.4","12.2","","","","","","","","","",""
"Housewife","1.8","6.2","2.2","","","","","","","","","",""
"Retired","2.3","3.3","2.4","","","","","","","","","",""
"Others","1.6","3.5","1.8","","","","","","","","","",""
"Total","100","100","100","","","","","","","","","",""
"","","","","","","","","","","","","",""
"Majority of the domestic overnight visitors to the State during the period were Professionals, Businessmen and those engaged in private services as well as Government services.","","","","","","","","","","","","",""
"","","","","","","","","","","","","",""
"","","","","","","","","","","","","",""
"","","","","","","","","","","","","",""
"Table 6-5: Domestic Overnight Visitors and their annual Household income","","","","","","","","","","","","",""
"","","","","","","","","","","","","",""
"Annual Household Income (Rs.)","Percentage Distribution","","","","","","","","","","","",""
"Less than 60000","30.6","","","","","","","","","","","",""
"60001 � 100000","24.2","","","","","","","","","","","",""
"100001 � 200000","29.1","","","","","","","","","","","",""
"200001 � 500000","12.9","","","","","","","","","","","",""
"Above 500001","3.2","","","","","","","","","","","",""
"Total","100","","","","","","","","","","","",""
"","","","","","","","","","","","","",""
"","","","","","","","","","","","","",""
"Table 6-9: Overnight Visitors and their purpose of visiting the State","","","","","","","","","","","","",""
"","","","","","","","","","","","","",""
"Purpose of Visit","Percentage Distribution","","","","","","","","","","","",""
"","Domestic","Foreign","Total","","","","","","","","","",""
"Leisure & Holiday","","","","","","","","","","","","",""
"? Cultural Activities","48.3","41.6","47.7","","","","","","","","","",""
"? Resorts","15.6","18","15.8","","","","","","","","","",""
"? Wildlife","14.1","11","13.8","","","","","","","","","",""
"Visiting Friends and Family","4.3","3.7","4.2","","","","","","","","","",""
"Business & Professional","5.1","4.3","5","","","","","","","","","",""
"Health and Treatment","0","2","0.2","","","","","","","","","",""
"Social/ Religious Function","1.9","10.8","2.7","","","","","","","","","",""
"Pilgrimage","2.9","2.4","2.8","","","","","","","","","",""
"Conference","0","0","0","","","","","","","","","",""
"Others","7.9","6.2","7.7","","","","","","","","","",""
"Total","100","100","100","","","","","","","","","",""
"","","","","","","","","","","","","",""
"","","","","","","","","","","","","",""
"Table 7-1: Location wise Overnight Visitors and Bed night spent","","","","","","","","","","","","",""
"","","","","","","","","","","","","",""
"","No. of Guests Checked in","","Total No. of Bed Nights Spent","","","","","","","","","",""
"Centers","Domestic","Foreign","Domestic","Foreign","","","","","","","","",""
"Bangalore","2435576","42118","4073469","64885","","","","","","","","",""
"Kolar","31440","68","58878","79","","","","","","","","",""
"Tumkur","86737","112","161373","212","","","","","","","","",""
"Mysore","1328200","43783","1952417","64057","","","","","","","","",""
"Shravanbelagola","3602","5","7865","12","","","","","","","","",""
"Mandya","46395","161","67537","179","","","","","","","","",""
"Belgaum","134890","126","245283","152","","","","","","","","",""
"Karwar","84691","768","150299","2460","","","","","","","","",""
"Dharwad","97866","154","117775","153","","","","","","","","",""
"Hubli","284672","992","581680","1512","","","","","","","","",""
"Davnegar","33926","0","68233","0","","","","","","","","",""
"Gokarna","28753","152","2564","163","","","","","","","","",""
"Mangalore","333242","1381","714734","3000","","","","","","","","",""
"Udupi","220055","1532","590866","3702","","","","","","","","",""
"Kolur","12203","7","6987","12","","","","","","","","",""
"Shimoga","165240","711","297561","810","","","","","","","","",""
"Hassan","121649","1307","205250","2250","","","","","","","","",""
"Chikamagalur","69956","200","128212","302","","","","","","","","",""
"Kukusubranjini","1279","2038","1675","1456","","","","","","","","",""
"Hampi","29175","12055","55291","21625","","","","","","","","",""
"Hospet","113028","3638","169973","5748","","","","","","","","",""
"Lakundi","7829","0","6798","0","","","","","","","","",""
"Raichur","80427","93","129268","142","","","","","","","","",""
"Chitradurga","100098.8","3430","138544","5033","","","","","","","","",""
"Gulbarga","168200.6","693","505420","2748","","","","","","","","",""
"Ganigapura","7102","23","7651","94","","","","","","","","",""
"Bidar","64323","210","210586","630","","","","","","","","",""
"Basvakalyan","12357","202","764157","2997","","","","","","","","",""
"Bijapur","171884","2574","265033","4692","","","","","","","","",""
"Bagalkot","60812","213","91173","4","","","","","","","","",""
"Madikeri","129361","2445","237912","4461","","","","","","","","",""
"Charmarajanagar","23197","0","41330","0","","","","","","","","",""
"Malai Mahadeshwar","13703","16","6756","23","","","","","","","","",""
"Kamalapur","61421","78","142830","166","","","","","","","","",""
"Total","6563290","121285","12205380","193759","","","","","","","","",""
"","","","","","","","","","","","","",""
"The table depicts the fact that there had been 6563290 domestic overnight visitors in the State of Karnataka during period of May 2005 - April 2006 and they have, in totality, spent 12205380 bed nights. In totality 121285 foreigners have visited the State and have spent 193759 bed nights.","","","","","","","","","","","","",""
"","","","","","","","","","","","","",""
"","","","","","","","","","","","","",""
"Table 7-2: Domestic Overnight Visitors � Origin and Bed nights spent","","","","","","","","","","","","",""
"","","","","","","","","","","","","",""
"State of Origin","No. of Domestic Overnight Visitors","Total Bed Nights Spent","","","","","","","","","","",""
"J&K","33888","76585","","","","","","","","","","",""
"HP","27320","75526","","","","","","","","","","",""
"Punjab","82492","167798","","","","","","","","","","",""
"Haryana","46674","105442","","","","","","","","","","",""
"Uttarnchal","23167","69233","","","","","","","","","","",""
"UP","157488","294253","","","","","","","","","","",""
"Delhi","447152","859441","","","","","","","","","","",""
"Chandigarh","20418","60818","","","","","","","","","","",""
"Tripura","22621","60900","","","","","","","","","","",""
"Meghalaya","20424","61484","","","","","","","","","","",""
"Mizoram","11622","40952","","","","","","","","","","",""
"Sikkim","28701","70859","","","","","","","","","","",""
"West Bengal","499525","845798","","","","","","","","","","",""
"Orissa","47830","103437","","","","","","","","","","",""
"Rajasthan","126381","243573","","","","","","","","","","",""
"Gujarat","251613","456087","","","","","","","","","","",""
"Maharashtra","682848","1227241","","","","","","","","","","",""
"MP","106298","203979","","","","","","","","","","",""
"Chattisgarh","22269","66489","","","","","","","","","","",""
"Bihar","73881","146552","","","","","","","","","","",""
"Jharkhand","47372","109943","","","","","","","","","","",""
"Andhra Pradesh","777943","1356692","","","","","","","","","","",""
"Karnataka","1043397","1838281","","","","","","","","","","",""
"Kerala","821411","1447193","","","","","","","","","","",""
"Tamil Nadu","818899","1438982","","","","","","","","","","",""
"Arunachal Pradesh","11842","44564","","","","","","","","","","",""
"Assam","37870","86553","","","","","","","","","","",""
"Nagaland","31939","77124","","","","","","","","","","",""
"Goa","182436","349877","","","","","","","","","","",""
"A&N","8147","33813","","","","","","","","","","",""
"Daman & Diu","5420","29448","","","","","","","","","","",""
"Lakshadeep","7843","35594","","","","","","","","","","",""
"Pondicherry","32960","73621","","","","","","","","","","",""
"Dadra & Nagar Haveli","2939","26404","","","","","","","","","","",""
"Others","260","20844","","","","","","","","","","",""
"Total","6563290","12205380","","","","","","","","","","",""
"","","","","","","","","","","","","",""
"The table indicates the fact that majority of the overnight visitors to the State during the period of May 2005 - April 2006 were from the state of Karnataka followed by the State of Kerala and Tamil Nadu.","","","","","","","","","","","","",""
"","","","","","","","","","","","","",""
"","","","","","","","","","","","","",""
"Table 7-3: Foreign Overnight Visitors � Origin and Bed nights spent","","","","","","","","","","","","",""
"","","","","","","","","","","","","",""
"Country","No. of Foreign Overnight Visitors","Bed Night Spent","","","","","","","","","","",""
"UK","10113","15535","","","","","","","","","","",""
"USA","15869","24734","","","","","","","","","","",""
"Canada","6109","9330","","","","","","","","","","",""
"Germany","6991","17713","","","","","","","","","","",""
"Other European Countries*","4664","6710","","","","","","","","","","",""
"Australia","9600","15027","","","","","","","","","","",""
"Sri Lanka","3786","5716","","","","","","","","","","",""
"France","9213","16329","","","","","","","","","","",""
"Japan","4656","6974","","","","","","","","","","",""
"Malaysia","3163","4629","","","","","","","","","","",""
"Singapore","2926","4300","","","","","","","","","","",""
"Italy","7656","11637","","","","","","","","","","",""
"Nepal","1875","2703","","","","","","","","","","",""
"Netherlands","3366","4833","","","","","","","","","","",""
"Korea","4430","5511","","","","","","","","","","",""
"Israel","4421","8798","","","","","","","","","","",""
"Pakistan","953","1439","","","","","","","","","","",""
"Bangladesh","1148","1473","","","","","","","","","","",""
"UAE","2097","2927","","","","","","","","","","",""
"Spain","2857","5485","","","","","","","","","","",""
"Switzerland","3231","4612","","","","","","","","","","",""
"China","1517","1995","","","","","","","","","","",""
"Saudi Arabia","2311","3428","","","","","","","","","","",""
"Greece","1455","1958","","","","","","","","","","",""
"Belgium","2555","3671","","","","","","","","","","",""
"Others","4041","6177","","","","","","","","","","",""
"Total","121285","193759","","","","","","","","","","",""
"","","","","","","","","","","","","",""
"* Other European countries � (Russia, Turkey, Austria, Poland, Norway, Finland, Romania, Cyprus, Georgia)","","","","","","","","","","","","",""
"","","","","","","","","","","","","",""
"","","","","","","","","","","","","",""
"Table 7.4: Centre wise spread of Accommodation Units","","","","","","","","","","","","",""
"","","","","","","","","","","","","",""
"Location","No. of Hotels","No. of Rooms","No. of Beds","","","","","","","","","",""
"","","","","","","","","","","","","",""
"Bangalore","378","19094","37874","","","","","","","","","",""
"Kolar","25","409","734","","","","","","","","","",""
"Tumkur","25","543","1113","","","","","","","","","",""
"Mysore","92","3275","6457","","","","","","","","","",""
"Mandya","17","425","783","","","","","","","","","",""
"Belgaum","85","2087","3581","","","","","","","","","",""
"Karwar","35","1042","1761","","","","","","","","","",""
"Dharwad","37","903","1634","","","","","","","","","",""
"Hubli","73","2819","4171","","","","","","","","","",""
"Mangalore","55","2728","4874","","","","","","","","","",""
"Udupi","50","1805","3581","","","","","","","","","",""
"Shimoga","30","1127","2059","","","","","","","","","",""
"Hassan","30","1079","1759","","","","","","","","","",""
"Chikamagalur","30","879","1495","","","","","","","","","",""
"Hampi","42","630","1260","","","","","","","","","",""
"Hospet","67","906","1702","","","","","","","","","",""
"Raichur","27","559","1059","","","","","","","","","",""
"Chitradurga","30","521","1066","","","","","","","","","",""
"Gulbarga","47","1087","1828","","","","","","","","","",""
"Bidar","27","444","753","","","","","","","","","",""
"Bijapur","45","1116","1909","","","","","","","","","",""
"Bagalkot","25","760","1325","","","","","","","","","",""
"Madikeri","55","802","1683","","","","","","","","","",""
"Charmarajanagar","13","173","267","","","","","","","","","",""
"Kamalapur","1","4","16","","","","","","","","","",""
"Total","1298","44583","83467","","","","","","","","","",""
"","","","","","","","","","","","","",""
"The table indicates the centre wise spread of hotels, available rooms and beds. In totality 1298 hotels having 44583 Rooms and 83467 Beds were available in the State.","","","","","","","","","","","","",""
"","","","","","","","","","","","","",""
"","","","","","","","","","","","","",""
"Table 7.5: Variation of Centre wise Occupancy ratio in Accommodation Units the table below indicates the variation of occupancy on a centre wise basis.","","","","","","","","","","","","",""
"","","","","","","","","","","","","",""
"Locations","May","Jun","Jul","Aug","Sep","Oct","Nov","Dec","Jan","Feb","Mar","Apr",""
"Bangalore","62.8","73.8","68.2","71","67.5","71.8","88.26","89.7","85.47","76.49","68.85","51.73",""
"Kolar","8.73","5.55","10","12.82","6.31","11.34","35.19","9.75","9.32","20.68","18.85","19.34",""
"Tumkur","14.91","13.69","18.76","24.09","23.42","26.19","54.08","19.52","19.32","27.8","25.62","27.1",""
"Mysore","46.7","32.6","25.38","22.03","26.35","85.19","89","93.44","72.76","79.46","83.34","87.16",""
"Mandya","27.94","11.15","11.5","11.89","7.33","18.29","27","14.86","10.27","12.46","16.23","16.91",""
"Belgaum","4.37","6.58","17.29","14.98","10.8","10.07","33.34","9.53","11.37","10.02","10.06","10.16",""
"Karwar","6.87","7.74","11.35","15.26","19.01","15.34","40.15","15.64","14.06","14.32","15.85","16.14",""
"Dharwad","6.04","10.03","10.6","11.16","13.23","13.99","32.53","9.69","10.07","10.69","10.22","10.63",""
"Hubli","8.72","8.32","17.57","20.77","20.16","24.82","89.5","31.39","33.67","16.37","17.58","18.43",""
"Mangalore","15","10.89","14.9","13.78","17.38","3.49","10.35","3.97","21.56","22.46","24.09","24.23",""
"Udupi","16.34","9.97","12.69","14.96","15.02","31.6","76.5","26.04","25.8","38.95","20.71","22.94",""
"Shimoga","55.31","20.32","22.78","29.14","15.73","26.14","89.76","40.54","20.19","19.28","17.38","17.91",""
"Hassan","22.11","17.05","27.52","27.63","17.9","20.12","56.9","22.39","15.24","18.55","18.13","18.75",""
"Chikamagalur","29","14.38","18.19","19.1","12.18","22.49","57.51","19.53","12.81","9.7","8.96","9.58",""
"Hampi","0","1.87","2.05","2.31","4.76","15.43","27.29","46.51","41.61","13.66","12.73","13.04",""
"Hospet","25.36","11.64","12.97","17.89","17.75","41.66","45.12","46.29","45.26","49.69","24.9","25.68",""
"Raichur","21.46","15.11","18.69","16.31","16.66","29.27","92.06","38.46","24.48","26.56","22.59","23.73",""
"Chitradurga","28.79","18.07","21.04","20.46","21.5","17.74","73.84","23.69","26.2","32.31","27.88","28.32",""
"Gulbarga","25.86","19.82","16.36","21.13","32.79","13.1","44.75","14.7","25.03","36.31","29.81","30.68",""
"Bidar","20.42","15.87","15.29","19.5","23.15","83.85","87.5","68.32","29.06","33.22","36.3","36.31",""
"Bijapur","27.26","25.48","21.88","23.44","23.7","10.63","37.31","12.04","25.8","38.55","29.97","30.88",""
"Bagalkot","13.38","12.79","10.56","11.92","11.36","35.5","86.03","30.58","10.92","10.75","12.38","12.9",""
"Madikeri","35.81","16.07","26.35","31.36","22.58","10.06","24.09","8.06","18.45","17.7","17.81","19.23",""
"Charmarajanagar","14.17","26.97","28.26","42.23","23.33","28","34.9","32.8","45.06","22.36","20.32","21.32",""
"Kamalapur","5.9","10.8","9.68","10.89","15.16","35.9","45.9","33.8","27.7","20.6","21.9","31.9",""
"","","","","","","","","","","","","",""
"","","","","","","","","","","","","",""
"Table 7.6: Centre wise classification of Accommodation Units","","","","","","","","","","","","",""
"","","","","","","","","","","","","",""
"Location","Type of Accommodation Unit","","","","","","","","","","","",""
"","Starred","Unstarred","Others","Total","","","","","","","","",""
"Bangalore","107","43","228","378","","","","","","","","",""
"Kolar","4","21","","25","","","","","","","","",""
"Tumkur","5","18","2","25","","","","","","","","",""
"Mysore","33","59","","92","","","","","","","","",""
"Mandya","4","12","1","17","","","","","","","","",""
"Belgaum","11","71","3","85","","","","","","","","",""
"Karwar","11","24","","35","","","","","","","","",""
"Dharwad","3","34","","37","","","","","","","","",""
"Hubli","14","57","2","73","","","","","","","","",""
"Mangalore","14","37","4","55","","","","","","","","",""
"Udupi","10","22","18","50","","","","","","","","",""
"Shimoga","10","19","1","30","","","","","","","","",""
"Hassan","14","12","4","30","","","","","","","","",""
"Chikamagalur","10","11","9","30","","","","","","","","",""
"Hampi","0","0","42","42","","","","","","","","",""
"Hospet","9","23","35","67","","","","","","","","",""
"Raichur","5","12","10","27","","","","","","","","",""
"Chitradurga","12","12","6","30","","","","","","","","",""
"Gulbarga","36","11","","47","","","","","","","","",""
"Bidar","18","2","7","27","","","","","","","","",""
"Bijapur","0","41","4","45","","","","","","","","",""
"Bagalkot","0","25","","25","","","","","","","","",""
"Madikeri","15","37","3","55","","","","","","","","",""
"Charmarajanagar","0","13","","13","","","","","","","","",""
"Kamalapur","0","1","","1","","","","","","","","",""
"Total","345","617","337","1298","","","","","","","","",""
"","","","","","","","","","","","","",""
"The table indicates the fact that Majority of Accommodation Units in the State are under the �Unstarred� category.","","","","","","","","","","","","",""
"","","","","","","","","","","","","",""
"","","","","","","","","","","","","",""
"Table 7-7: Employment profile in Starred Accommodation Units","","","","","","","","","","","","",""
"","","","","","","","","","","","","",""
"Department","Permanent","","Temporary","","","","","","","","","",""
"","No of Employees","Percentage","No of Employees","Percentage","","","","","","","","",""
"Management Team","179","6.2","211","5.6","","","","","","","","",""
"Front Office","147","5.1","166","4.4","","","","","","","","",""
"F&B (Service)","189","6.5","226","6","","","","","","","","",""
"F&B (Kitchen)","204","7.1","198","5.2","","","","","","","","",""
"House Keeping","241","8.3","338","8.9","","","","","","","","",""
"Accounts","173","6","257","6.8","","","","","","","","",""
"EDP","258","8.9","336","8.9","","","","","","","","",""
"Security","202","7","309","8.2","","","","","","","","",""
"Sales & Stores","268","9.3","182","4.8","","","","","","","","",""
"Purchase","155","5.4","272","7.2","","","","","","","","",""
"Human Resources","144","5","306","8.1","","","","","","","","",""
"Public Relation","189","6.5","319","8.4","","","","","","","","",""
"Engineering","144","5","209","5.5","","","","","","","","",""
"Telephone","205","7.1","250","6.6","","","","","","","","",""
"Health Club","14","0.5","11","0.3","","","","","","","","",""
"Laundry","141","4.9","119","3.1","","","","","","","","",""
"Other Departments","36","1.2","82","2.2","","","","","","","","",""
"Total","2890","100","3792","100","","","","","","","","",""
"","","","","","","","","","","","","",""
"The Table indicates that there are 2890 permanent and 3792 temporary employees employed in the starred accommodation units in the state. Majority of the permanent employees were in the Sales & Stores, EDP and House Keeping Department. Majority of Temporary employees were in the Housekeeping and Edp Department. Under the starred accommodation units, the employment profile in the heritage units have been analyzed further and the results are indicated in the table below:","","","","","","","","","","","","",""
"","","","","","","","","","","","","",""
"","","","","","","","","","","","","",""
"Table 7.11: Category wise Employment profile in different Centers","","","","","","","","","","","","",""
"","","","","","","","","","","","","",""
"Locations","Management","","Front Office","","F&B (Service)","","F&B (Kitchen)","","","","","",""
"","Team","","","","","","","","","","","",""
"","Temp","Perm","Temp","Perm","Temp","Perm","Temp","Perm","","","","",""
"Bangalore","110","111","91","107","124","118","129","118","","","","",""
"Kolar","10","11","9","10","12","11","12","11","","","","",""
"Tumkur","10","11","9","10","12","11","12","11","","","","",""
"Mysore","39","39","32","37","43","41","45","41","","","","",""
"Mandya","7","7","6","7","8","8","8","8","","","","",""
"Belgaum","36","36","29","35","40","38","42","38","","","","",""
"Karwar","15","15","12","14","17","16","17","16","","","","",""
"Dharwad","15","16","13","15","17","17","18","17","","","","",""
"Hubli","31","31","25","30","34","33","36","33","","","","",""
"Mangalore","23","23","19","22","26","25","27","25","","","","",""
"Udupi","21","21","17","20","24","22","25","22","","","","",""
"Shimoga","13","13","10","12","14","13","15","13","","","","",""
"Hassan","13","13","10","12","14","13","15","13","","","","",""
"Chikamagalur","13","13","10","12","14","13","15","13","","","","",""
"Hospet","28","28","23","27","32","30","33","30","","","","",""
"Raichur","11","11","9","11","13","12","13","12","","","","",""
"Chitradurga","13","13","10","12","14","13","15","13","","","","",""
"Gulbarga","20","20","16","19","22","21","23","21","","","","",""
"Bidar","11","11","9","11","13","12","13","12","","","","",""
"Bijapur","19","19","16","18","21","20","22","20","","","","",""
"Bagalkot","10","11","9","10","12","11","12","11","","","","",""
"Madikeri","23","23","19","22","26","25","27","25","","","","",""
"Charmarajanagar","5","5","5","5","6","6","6","6","","","","",""
"Total","495","499","411","481","559","531","581","530","","","","",""
"Hampi details have been included in Hospet.","","","","","","","","","","","","",""
"","","","","","","","","","","","","",""
"Table 7.11: Category wise Employment profile in different Centers","","","","","","","","","","","","",""
"","","","","","","","","","","","","",""
"Locations","Housekeeping","","Accounts","","EDP","","Security","","","","","",""
"","Temp","Perm","Temp","Perm","Temp","Perm","Temp","Perm","","","","",""
"Bangalore","152","114","134","119","163","129","134","132","","","","",""
"Kolar","14","11","13","11","15","12","13","13","","","","",""
"Tumkur","14","11","13","11","15","12","13","13","","","","",""
"Mysore","53","40","47","42","57","45","47","46","","","","",""
"Mandya","10","7","9","8","11","8","9","9","","","","",""
"Belgaum","49","37","43","39","53","42","43","43","","","","",""
"Karwar","20","15","18","16","22","17","18","18","","","","",""
"Dharwad","21","16","19","17","23","18","19","19","","","","",""
"Hubli","42","32","37","33","45","36","37","37","","","","",""
"Mangalore","32","24","28","25","34","27","28","28","","","","",""
"Udupi","29","22","25","23","31","25","25","25","","","","",""
"Shimoga","17","13","15","14","19","15","15","15","","","","",""
"Hassan","17","13","15","14","19","15","15","15","","","","",""
"Chikamagalur","17","13","15","14","19","15","15","15","","","","",""
"Hospet","39","29","34","30","41","33","34","34","","","","",""
"Raichur","16","12","14","12","17","13","14","14","","","","",""
"Chitradurga","17","13","15","14","19","15","15","15","","","","",""
"Gulbarga","27","20","24","21","29","23","24","24","","","","",""
"Bidar","16","12","14","12","17","13","14","14","","","","",""
"Bijapur","26","20","23","20","28","22","23","23","","","","",""
"Bagalkot","14","11","13","11","15","12","13","13","","","","",""
"Madikeri","32","24","28","25","34","27","28","28","","","","",""
"Charmarajanagar","8","6","7","6","8","6","7","7","","","","",""
"Total","684","513","602","537","732","582","602","592","","","","",""
"","","","","","","","","","","","","",""
"Table 7.11`: Category wise Employment profile in different Centers","","","","","","","","","","","","",""
"","","","","","","","","","","","","",""
"Locations","Sales & Stores","","Human","","Public Relation","","Engineering","","","","","",""
"","","","Resources","","","","","","","","","",""
"","Temp","Perm","Temp","Perm","Temp","Perm","Temp","Perm","","","","",""
"Bangalore","97","181","154","113","130","94","139","117","","","","",""
"Kolar","9","17","15","11","12","9","13","11","","","","",""
"Tumkur","9","17","15","11","12","9","13","11","","","","",""
"Mysore","34","63","54","40","46","33","49","41","","","","",""
"Mandya","6","12","10","7","8","6","9","8","","","","",""
"Belgaum","31","59","50","37","42","30","45","38","","","","",""
"Karwar","13","24","20","15","17","12","19","16","","","","",""
"Dharwad","14","26","22","16","18","13","20","16","","","","",""
"Hubli","27","50","43","31","36","26","39","33","","","","",""
"Mangalore","20","38","32","24","27","20","29","25","","","","",""
"Udupi","19","34","29","22","25","18","26","22","","","","",""
"Shimoga","11","21","18","13","15","11","16","13","","","","",""
"Hassan","11","21","18","13","15","11","16","13","","","","",""
"Chikamagalur","11","21","18","13","15","11","16","13","","","","",""
"Hospet","25","46","39","29","33","24","35","30","","","","",""
"Raichur","10","19","16","12","13","10","14","12","","","","",""
"Chitradurga","11","21","18","13","15","11","16","13","","","","",""
"Gulbarga","17","32","27","20","23","17","25","21","","","","",""
"Bidar","10","19","16","12","13","10","14","12","","","","",""
"Bijapur","17","31","26","19","22","16","24","20","","","","",""
"Bagalkot","9","17","15","11","12","9","13","11","","","","",""
"Madikeri","20","38","32","24","27","20","29","25","","","","",""
"Charmarajanagar","5","9","8","6","6","5","7","6","","","","",""
"Total Karnataka","438","815","692","510","587","422","625","527","","","","",""
"","","","","","","","","","","","","",""
"Table 7.11: Category wise Employment profile in different Centers","","","","","","","","","","","","",""
"","","","","","","","","","","","","",""
"Locations","Telephone","","Health Club","","Laundry","","Other","","","","","",""
"","","","","","","","Departments","","","","","",""
"","Temp","Perm","Temp","Perm","Temp","Perm","Temp","Perm","","","","",""
"Bangalore","130","104","7","11","70","74","69","40","","","","",""
"Kolar","12","10","1","1","7","7","7","4","","","","",""
"Tumkur","12","10","1","1","7","7","7","4","","","","",""
"Mysore","45","36","3","4","24","26","24","14","","","","",""
"Mandya","8","7","0","1","5","5","4","3","","","","",""
"Belgaum","42","33","2","4","23","24","22","13","","","","",""
"Karwar","17","14","1","2","9","10","9","5","","","","",""
"Dharwad","18","15","1","2","10","10","10","6","","","","",""
"Hubli","36","29","2","3","19","21","19","11","","","","",""
"Mangalore","27","22","2","2","15","15","15","8","","","","",""
"Udupi","25","20","1","2","13","14","13","8","","","","",""
"Shimoga","15","12","1","1","8","8","8","5","","","","",""
"Hassan","15","12","1","1","8","8","8","5","","","","",""
"Chikamagalur","15","12","1","1","8","8","8","5","","","","",""
"Hospet","33","26","2","3","18","19","18","10","","","","",""
"Raichur","13","11","1","1","7","8","7","4","","","","",""
"Chitradurga","15","12","1","1","8","8","8","5","","","","",""
"Gulbarga","23","19","1","2","13","13","12","7","","","","",""
"Bidar","13","11","1","1","7","8","7","4","","","","",""
"Bijapur","22","18","1","2","12","13","12","7","","","","",""
"Bagalkot","12","10","1","1","7","7","7","4","","","","",""
"Madikeri","27","22","2","2","15","15","15","8","","","","",""
"Charmarajanagar","6","5","0","1","3","4","3","2","","","","",""
"Total","584","466","33","51","315","333","312","179","","","","",""
"","","","","","","","","","","","","",""
"D)��� � Restaurants","","","","","","","","","","","","",""
"An overall employment profile of restaurants in the state is given in table below.","","","","","","","","","","","","",""
"","","","","","","","","","","","","",""
"","","","","","","","","","","","","",""
"Table 8-3: Evaluation of Accommodation Facility � Domestic Overnight Visitors","","","","","","","","","","","","",""
"","","","","","","","","","","","","",""
"Locations","Percentage Distribution","","","","","Estimated No. of Domestic Overnight Visitors","","","","","","",""
"","Excellent","Good","Satisfactory","Poor","All","","","","","","","",""
"Bangalore","53.8","30.1","14.2","1.9","100","2556416","","","","","","",""
"Kolar","29.6","18.9","12.6","38.9","100","32840","","","","","","",""
"Tumkur","19.7","38.5","36.2","5.6","100","92362","","","","","","",""
"Mysore","36.6","45.8","13.7","3.9","100","1400367","","","","","","",""
"Shravanbelagola","20.6","42.9","30.9","5.6","100","4002","","","","","","",""
"Mandya","20.1","38.9","30.5","10.5","100","50517","","","","","","",""
"Belgaum","46","37.4","13.4","3.1","100","137152","","","","","","",""
"Karwar","21.5","42.8","27.3","8.4","100","87694","","","","","","",""
"Dharwad","44","37.6","15.1","3.3","100","100924","","","","","","",""
"Hubli","27.5","38.3","29.1","5.1","100","297374","","","","","","",""
"Davnegar","40.2","33","22.4","4.4","100","35858","","","","","","",""
"Gokarna","29.7","37","15.3","18","100","29951","","","","","","",""
"Mangalore","39.2","29.8","13.3","17.7","100","352309","","","","","","",""
"Udupi","33.7","37.5","18.3","10.5","100","229688","","","","","","",""
"Kolur","38.9","28.6","23.6","8.9","100","12203","","","","","","",""
"Shimoga","34.5","39.7","14.1","11.7","100","174473","","","","","","",""
"Hassan","4.2","66.3","23.1","6.3","100","125381","","","","","","",""
"Chikamagalur","32.8","44.7","18.8","3.7","100","72795","","","","","","",""
"Kukusubranjini","29.2","45","17.5","8.4","100","1332","","","","","","",""
"Hampi","31.1","28.4","36.9","3.6","100","29893","","","","","","",""
"Hospet","30.1","35.1","21.5","13.3","100","117640","","","","","","",""
"Lakundi","30.6","26.3","30.1","13","100","8155","","","","","","",""
"Raichur","28.2","46","21.5","4.3","100","84540","","","","","","",""
"Chitradurga","34.8","33.2","26.3","5.8","100","104792","","","","","","",""
"Gulbarga","9.1","17.3","7.6","66","100","175658","","","","","","",""
"Ganigapura","21.8","32.8","18.4","26.9","100","7174","","","","","","",""
"Bidar","21.8","32.8","18.4","27","100","67368","","","","","","",""
"Basvakalyan","18.9","37.5","19","24.6","100","12609","","","","","","",""
"Bijapur","35.7","31","20.4","12.9","100","177928","","","","","","",""
"Bagalkot","21.8","45.7","19.8","12.7","100","63250","","","","","","",""
"Madikeri","35.8","32.7","14.7","16.8","100","133434","","","","","","",""
"Charmarajanagar","45.8","21.8","14.8","17.6","100","24255","","","","","","",""
"Malai Mahadeshwar","34.9","35.8","0.4","28.9","100","13703","","","","","","",""
"Kamalapur","21.8","37.8","21.5","18.9","100","62404","","","","","","",""
"Total","40.6","35.5","17.1","6.8","100","6876441","","","","","","",""
"","","","","","","","","","","","","",""
"Majority of domestic overnight visitors to the State feel that accommodation facility being offered in different centers of the State are excellent.","","","","","","","","","","","","",""
"","","","","","","","","","","","","",""
"","","","","","","","","","","","","",""
"Table 8-4: Evaluation of Accommodation Facility � Foreign Overnight Visitors","","","","","","","","","","","","",""
"","","","","","","","","","","","","",""
"Locations","Percentage Distribution","","","","","Estimated No. of Foreign Oevrnite Visitors","","","","","","",""
"","Excellent","Good","Satisfactory","Poor","All","","","","","","","",""
"Bangalore","65.1","20.1","13.9","0.9","100","42118","","","","","","",""
"Kolar","68","32","","","100","68","","","","","","",""
"Tumkur","45","55","","","100","112","","","","","","",""
"Mysore","28.5","33.1","36.1","2.3","100","43783","","","","","","",""
"Shravanbelagola","28.4","38.6","24.8","8.2","100","5","","","","","","",""
"Mandya","22.1","37.6","18.2","22.1","100","161","","","","","","",""
"Belgaum","55.5","31.6","12.6","0.4","100","126","","","","","","",""
"Karwar","48.2","21.4","19.3","11.1","100","768","","","","","","",""
"Dharwad","34.3","51.2","12.4","2.1","100","154","","","","","","",""
"Hubli","32.6","38.8","16.8","11.8","100","992","","","","","","",""
"Gokarna","44.4","35.9","12.7","7","100","152","","","","","","",""
"Mangalore","91","6.9","1.3","0.7","100","1381","","","","","","",""
"Udupi","34.6","41","17.6","6.8","100","1532","","","","","","",""
"Kolur","25.2","30.3","38.9","5.6","100","7","","","","","","",""
"Shimoga","36.3","47.2","12.8","3.7","100","711","","","","","","",""
"Hassan","31.6","39.8","16.5","12.1","100","1307","","","","","","",""
"Chikamagalur","16.7","38","24.2","21.2","100","200","","","","","","",""
"Kukusubranjini","34.2","39.9","17.1","8.7","100","2038","","","","","","",""
"Hampi","16.4","49","33.6","1","100","12055","","","","","","",""
"Hospet","45.6","32.9","16.2","5.3","100","3638","","","","","","",""
"Raichur","41.1","30.1","25.2","3.6","100","93","","","","","","",""
"Chitradurga","40","40","20","","100","3430","","","","","","",""
"Gulbarga","35","46.6","10","8.4","100","693","","","","","","",""
"Ganigapura","42","36","22","","100","23","","","","","","",""
"Bidar","64.3","35.7","0","0","100","210","","","","","","",""
"Basvakalyan","35","46.6","10","8.4","100","202","","","","","","",""
"Bijapur","39.8","42.5","8.9","8.8","100","2574","","","","","","",""
"Bagalkot","42.7","32.1","7.9","17.3","100","213","","","","","","",""
"Madikeri","48.7","35.7","12.6","3","100","2445","","","","","","",""
"Malai Mahadeshwar","47.9","34.2","7.8","10.1","100","16","","","","","","",""
"Kamalapur","38.9","43.8","9.7","7.6","100","78","","","","","","",""
"Total","39.7","33.1","23.9","3.3","100","121285","","","","","","",""
"","","","","","","","","","","","","",""
"The foreign overnight visitors at an overall level have rated accommodation facility from excellent to good.","","","","","","","","","","","","",""
"","","","","","","","","","","","","",""
"","","","","","","","","","","","","",""
"Table 8-5: Evaluation of Quality of Food � Domestic Overnight Visitors","","","","","","","","","","","","",""
"","","","","","","","","","","","","",""
"Locations","Percentage Distribution","","","","Estimated No. of Domestic Overnight Visitors","","","","","","","",""
"","Very Good","Reasonable","Poor","All","","","","","","","","",""
"Bangalore","48.7","24.9","26.4","100","2556416","","","","","","","",""
"Kolar","50.3","24.4","25.3","100","32840","","","","","","","",""
"Tumkur","59.8","33.4","6.8","100","92362","","","","","","","",""
"Mysore","53.8","33.5","12.6","100","1400367","","","","","","","",""
"Shravanbelagola","51.9","38.6","9.5","100","4002","","","","","","","",""
"Mandya","41.6","40.5","17.9","100","50517","","","","","","","",""
"Belgaum","57.9","29.1","13","100","137152","","","","","","","",""
"Karwar","40.1","37.6","22.3","100","87694","","","","","","","",""
"Dharwad","58.1","32.4","9.6","100","100924","","","","","","","",""
"Hubli","56.6","32.6","10.8","100","297374","","","","","","","",""
"Davnegar","50.2","31","18.8","100","35858","","","","","","","",""
"Gokarna","38.6","40.4","21.1","100","29951","","","","","","","",""
"Mangalore","51.1","34","14.9","100","352309","","","","","","","",""
"Udupi","50.9","34.8","14.3","100","229688","","","","","","","",""
"Kolur","52.1","26.7","21.2","100","12203","","","","","","","",""
"Shimoga","71.9","17.8","10.3","100","174473","","","","","","","",""
"Hassan","29.5","50.1","20.4","100","125381","","","","","","","",""
"Chikamagalur","37.3","34.3","28.4","100","72795","","","","","","","",""
"Kukusubranjini","66","20.9","13.1","100","1332","","","","","","","",""
"Hampi","68.5","22.1","9.5","100","29893","","","","","","","",""
"Hospet","51.2","26.6","22.2","100","117640","","","","","","","",""
"Lakundi","66.1","22.8","11.1","100","8155","","","","","","","",""
"Raichur","63.6","29.3","7.1","100","84540","","","","","","","",""
"Chitradurga","51.3","34.8","13.9","100","104792","","","","","","","",""
"Gulbarga","54","27.7","18.3","100","175658","","","","","","","",""
"Ganigapura","44","27.3","28.7","100","7174","","","","","","","",""
"Bidar","32.8","21.4","45.8","100","67368","","","","","","","",""
"Basvakalyan","56.7","28.5","14.8","100","12609","","","","","","","",""
"Bijapur","64.7","18.6","16.7","100","177928","","","","","","","",""
"Bagalkot","78.5","7.7","13.8","100","63250","","","","","","","",""
"Madikeri","67.9","14.2","17.9","100","133434","","","","","","","",""
"Charmarajanagar","56.8","27.3","15.9","100","24255","","","","","","","",""
"Malai Mahadeshwar","65.9","8.3","25.8","100","13703","","","","","","","",""
"Kamalapur","53.5","11.9","34.6","100","62404","","","","","","","",""
"Total","51.3","29.6","19.1","100","6876441","","","","","","","",""
"","","","","","","","","","","","","",""
"The domestic overnight visitors at the overall level have indicated that the food being offered is good quality.","","","","","","","","","","","","",""
"","","","","","","","","","","","","",""
"","","","","","","","","","","","","",""
"Table 8-6:: Evaluation of Quality of Food � Foreign Overnight Visitors","","","","","","","","","","","","",""
"","","","","","","","","","","","","",""
"Locations","Percentage Distribution","","","","Estimated No. of Foreign Overnight Visitors","","","","","","","",""
"","Very Good","Reasonable","Poor","All","","","","","","","","",""
"Bangalore","45.4","30.8","23.8","100","42118","","","","","","","",""
"Kolar","36","64","","100","68","","","","","","","",""
"Tumkur","47","53","","100","112","","","","","","","",""
"Mysore","48.6","36.6","14.8","100","43783","","","","","","","",""
"Shravanbelagola","42","34.5","23.5","100","5","","","","","","","",""
"Mandya","54.9","31.5","13.6","100","161","","","","","","","",""
"Belgaum","46.3","36.3","17.4","100","126","","","","","","","",""
"Karwar","66.8","31.2","1.9","100","768","","","","","","","",""
"Dharwad","51.2","22.1","26.7","100","154","","","","","","","",""
"Hubli","72.4","20.6","6.9","100","992","","","","","","","",""
"Gokarna","42.2","27.3","30.5","100","152","","","","","","","",""
"Mangalore","72.3","13.2","14.5","100","1381","","","","","","","",""
"Udupi","36.1","51.1","12.8","100","1532","","","","","","","",""
"Kolur","46.4","39.1","14.5","100","7","","","","","","","",""
"Shimoga","19","74.7","6.3","100","711","","","","","","","",""
"Hassan","43.4","49.7","6.9","100","1307","","","","","","","",""
"Chikamagalur","33.7","60.9","5.4","100","200","","","","","","","",""
"Kukusubranjini","65.7","30.7","3.7","100","2038","","","","","","","",""
"Hampi","49.7","41.5","8.9","100","12055","","","","","","","",""
"Hospet","78.4","19.5","2.1","100","3638","","","","","","","",""
"Raichur","33.9","60.6","5.4","100","93","","","","","","","",""
"Chitradurga","64","36","","100","3430","","","","","","","",""
"Gulbarga","57.5","21.8","20.7","100","693","","","","","","","",""
"Ganigapura","50","45","5","100","23","","","","","","","",""
"Bidar","74.3","11","14.8","100","210","","","","","","","",""
"Basvakalyan","50","45","5","100","202","","","","","","","",""
"Bijapur","47.8","43.3","8.9","100","2574","","","","","","","",""
"Bagalkot","56.8","37.2","6","100","213","","","","","","","",""
"Madikeri","45.9","47.2","6.9","100","2445","","","","","","","",""
"Malai Mahadeshwar","56.8","39.3","3.9","100","16","","","","","","","",""
"Kamalapur","38.9","45.3","15.8","100","78","","","","","","","",""
"Total","41.7","41.1","17.2","100","121285","","","","","","","",""
"","","","","","","","","","","","","",""
"Foreign overnight visitors at an overall level have expressed their satisfaction with regard to the quality of food being served in the State.","","","","","","","","","","","","",""
"","","","","","","","","","","","","",""
"","","","","","","","","","","","","",""
"Table 8-7: Evaluation of Visitor Attractions � Domestic Overnight Visitors","","","","","","","","","","","","",""
"","","","","","","","","","","","","",""
"Locations","Percentage Distribution","","","","Estimated No. of Domestic Overnight Visitors","","","","","","","",""
"","Very Interesting","Average","Not Interesting","All","","","","","","","","",""
"Bangalore","53.3","33.6","13.1","100","2556416","","","","","","","",""
"Kolar","64.7","25","10.3","100","32840","","","","","","","",""
"Tumkur","43.8","38.9","17.3","100","92362","","","","","","","",""
"Mysore","57.5","32.2","10.3","100","1400367","","","","","","","",""
"Shravanbelagola","60.6","25","14.4","100","4002","","","","","","","",""
"Mandya","67.7","18.3","14","100","50517","","","","","","","",""
"Belgaum","36.3","46.2","17.5","100","137152","","","","","","","",""
"Karwar","55.5","33.7","10.8","100","87694","","","","","","","",""
"Dharwad","41.3","40.9","17.8","100","100924","","","","","","","",""
"Hubli","53.1","31.6","15.3","100","297374","","","","","","","",""
"Davnegar","41.2","33.4","25.4","100","35858","","","","","","","",""
"Gokarna","57.7","27.2","15.1","100","29951","","","","","","","",""
"Mangalore","55.6","36.1","8.4","100","352309","","","","","","","",""
"Udupi","56.9","30.7","12.4","100","229688","","","","","","","",""
"Kolur","57.3","29.2","13.5","100","12203","","","","","","","",""
"Shimoga","54.5","34","11.5","100","174473","","","","","","","",""
"Hassan","40.4","33.3","26.4","100","125381","","","","","","","",""
"Chikamagalur","48.9","30.1","21","100","72795","","","","","","","",""
"Kukusubranjini","66.9","26.2","6.9","100","1332","","","","","","","",""
"Hampi","45.6","29.6","24.8","100","29893","","","","","","","",""
"Hospet","45.4","31.3","23.3","100","117640","","","","","","","",""
"Lakundi","71","19.9","9","100","8155","","","","","","","",""
"Raichur","53","27.7","19.3","100","84540","","","","","","","",""
"Chitradurga","60","31","9","100","104792","","","","","","","",""
"Gulbarga","41.6","50.4","8","100","175658","","","","","","","",""
"Ganigapura","42","24.9","33","100","7174","","","","","","","",""
"Bidar","56.8","28.6","14.6","100","67368","","","","","","","",""
"Basvakalyan","45.8","23.8","30.4","100","12609","","","","","","","",""
"Bijapur","34.8","29.7","35.5","100","177928","","","","","","","",""
"Bagalkot","54.8","41.8","3.4","100","63250","","","","","","","",""
"Madikeri","45.8","26.7","27.5","100","133434","","","","","","","",""
"Charmarajanagar","47.9","24.9","27.2","100","24255","","","","","","","",""
"Malai Mahadeshwar","45.9","22.9","31.2","100","13703","","","","","","","",""
"Kamalapur","34.8","45.7","19.5","100","62404","","","","","","","",""
"Total","53.3","32.5","14.2","100","6876441","","","","","","","",""
"","","","","","","","","","","","","",""
"Domestic overnight visitors at an overall level have found tourist attractions at the various locations to be average to very interesting ones.","","","","","","","","","","","","",""
"","","","","","","","","","","","","",""
"","","","","","","","","","","","","",""
"Table 8-8: Evaluation of Visitor Attractions � Foreign Overnight Visitors","","","","","","","","","","","","",""
"","","","","","","","","","","","","",""
"Locations","Percentage Distribution","","","","Estimated No. of Foreign Overnight Visitors","","","","","","","",""
"","Very Interesting","Average","Not Interesting","All","","","","","","","","",""
"Bangalore","57.4","18.9","23.6","100","42118","","","","","","","",""
"Kolar","68","32","","100","68","","","","","","","",""
"Tumkur","52","48","","100","112","","","","","","","",""
"Mysore","68.9","18.1","13","100","43783","","","","","","","",""
"Shravanbelagola","64.4","23.3","12.4","100","5","","","","","","","",""
"Mandya","72.1","21.7","6.1","100","161","","","","","","","",""
"Belgaum","43.4","47.5","9.1","100","126","","","","","","","",""
"Karwar","74.2","24.3","1.6","100","768","","","","","","","",""
"Dharwad","24.2","69.1","6.7","100","154","","","","","","","",""
"Hubli","64.8","22.6","12.6","100","992","","","","","","","",""
"Gokarna","79.4","15","5.5","100","152","","","","","","","",""
"Mangalore","63.5","35.4","1.1","100","1381","","","","","","","",""
"Udupi","64","24","12","100","1532","","","","","","","",""
"Kolur","35.3","50.5","14.2","100","7","","","","","","","",""
"Shimoga","60.4","27.7","11.9","100","711","","","","","","","",""
"Hassan","52.3","42.7","5","100","1307","","","","","","","",""
"Chikamagalur","43.8","41.8","14.4","100","200","","","","","","","",""
"Kukusubranjini","61.1","38.7","0.2","100","2038","","","","","","","",""
"Hampi","68.7","21.7","9.6","100","12055","","","","","","","",""
"Hospet","55.8","33.5","10.7","100","3638","","","","","","","",""
"Raichur","37.2","40.1","22.7","100","93","","","","","","","",""
"Chitradurga","48","50","2","100","3430","","","","","","","",""
"Gulbarga","54.8","41.3","3.9","100","693","","","","","","","",""
"Ganigapura","65","35","","100","23","","","","","","","",""
"Bidar","94.3","5.7","0","100","210","","","","","","","",""
"Basvakalyan","60.4","27.7","11.9","100","202","","","","","","","",""
"Bijapur","56.7","24.9","18.4","100","2574","","","","","","","",""
"Bagalkot","67.8","23.7","8.5","100","213","","","","","","","",""
"Madikeri","56.9","34.2","8.9","100","2445","","","","","","","",""
"Malai Mahadeshwar","58.9","23.9","17.2","100","16","","","","","","","",""
"Kamalapur","49.6","28.6","21.8","100","78","","","","","","","",""
"Total","58.7","24.6","16.7","100","121285","","","","","","","",""
"","","","","","","","","","","","","",""
"Foreign overnight visitors in general have found the spots to be very interesting as far as tourist attraction is concerned.","","","","","","","","","","","","",""